t,step,AIC,BIC,forecast,actual,abs_error
200,0,945.9732798295861,958.9488790802591,99.72176512799965,342.7646,243.04283487200033
300,100,1079.5377408271347,1092.5133400778077,412.7085302693305,457.2779,44.56936973066951
400,200,1108.2017863953783,1121.1773856460513,375.787356085688,548.40326,172.61590391431207
500,300,1040.8673409260743,1053.8429401767473,608.874896123891,621.98596,13.111063876109029
