Model,MSE_Pre_Shift,MSE_Shift1_to_2,MSE_After_Shift2
ARIMA (Windowed),N/A,740.7441031523547,348.86927805927843
Kalman Filter,120.19858415892439,2112.9444527514934,1110.6864481153652
Adaptive Kalman,187.0232874773229,4867.032170453886,3808.7569444034666
